number,hash,parent_hash,nonce,sha3_uncles,logs_bloom,transactions_root,state_root,receipts_root,miner,difficulty,total_difficulty,size,extra_data,gas_limit,gas_used,timestamp,transaction_count
9581892,0x5972fcd1506b423a3a530428e62f734ea99dd660c74f436ef178879142f43ace,0x463ce98163172ebb28e64cc638955b0ce496e99cf8e23a1f8ef2d8e7bbebf468,0x34476c60020fddad,0x1dcc4de8dec75d7aab85b567b6ccd41ad312451b948a7413f0a142fd40d49347,0xbc830a820720060a100044e06022509334945348c489a0380211108162086449100380c520004082200404003a8a430d128812441908140300305a023028fca4600600c981c0d650c0960d0d480030820502221c020222c4a4250a808261305058024ac10204324001498241015888108cc1112092840888091024927620520000608e356201102100040258013404491044128d8c001000450620300c7c0180030d208108042400a44002f2005038008048110687408020481200007a24000003914042894e0001a00002030c0a201004604206240a1004219800061174308400103418193318080660488440300145192c4012815080c8541008008a300098,0x2e2ebd679b23e108d4920aad398102d3545c1f229639505375c06997f45acce1,0xc08ff8130f1080855969e24de7d48ce7b7e3bdc9f6ef651dcb9527db6f8b64f5,0x73e0bbb50c30b86c9962a96c13d907af8b2a7300568485ae4c86ca80b54c1a2a,0x5a0b54d5dc17e0aadc383d2db43b0a0d3e029c4c,2269868358263555,14340970007587111865545,29310,0x737061726b706f6f6c2d6574682d636e2d687a33,9962227,9957230,1583022155,147
9581893,0x11fbfa00ff04d0a5fe22d79caae2806feb35e133182af906ff34059404098935,0x5972fcd1506b423a3a530428e62f734ea99dd660c74f436ef178879142f43ace,0x18a92b800016eeff,0x1dcc4de8dec75d7aab85b567b6ccd41ad312451b948a7413f0a142fd40d49347,0x01000c000000100800000820200000000000002800080008000040040000000000001000001040022010000010000100000800280000000000000400002018001000000000000000000100080000000000000000000400000000808000021000800100010200000080000000000008280000000000140080000060107008000001000000000000018000000000040801004001080000000004000040001000000200000000080000000000800019000000000000a0022000030000100200010000088002004000000000008000000108000044044000000801080000100020000011010001000008400040002000000000020000024040000000000000000000,0xf3972704e633269ff6b79828732543c5a2458cc245f4f2d38ee184009ec8ab8c,0xdf605cf4e703432e0298d8f6d3271bc44e3a4d88cf5a0d8685947822581c5148,0x3fb3aca5b51b1ff33cc5637c455cf8d11bf7ccd3a2fbfd3c25a8af44df9eb76b,0x5a0b54d5dc17e0aadc383d2db43b0a0d3e029c4c,2268760024104255,14340972276347135969800,11793,0x737061726b706f6f6c2d6574682d636e2d687a32,9967085,9950615,1583022173,60
9581894,0xb1a9f1d8b3d93849692490c0230635093a0d4919b245ebf4a444fedfaded28ec,0x11fbfa00ff04d0a5fe22d79caae2806feb35e133182af906ff34059404098935,0x9c51c7300018758d,0x1dcc4de8dec75d7aab85b567b6ccd41ad312451b948a7413f0a142fd40d49347,0x00000000000000000000000000000000000000000000000000000000000000000000000000000000000000000000000000000000000000000000000000000000000000000000000000000000000000000000000000000000000000000000000000000000000000000000000000000000000000000000000000000000000000000000000000000000000000000000000000000000000000000000000000000000000000000000000000000000000000000000000000000000000000000000000000000000000000000000000000000000000000000000000000000000000000000000000000000000000000000000000000000000000000000000000000000000,0x56e81f171bcc55a6ff8345e692c0f86e5b48e01b996cadc001622fb5e363b421,0xf0cf4a7424e97edafcf45cb45dfeb63d1085270aadffc60fb93d37a8ed64b145,0x56e81f171bcc55a6ff8345e692c0f86e5b48e01b996cadc001622fb5e363b421,0x84a0d77c693adabe0ebc48f88b3ffff010577051,2269867817084782,14340974546214953054582,543,0xd88301090b846765746888676f312e31332e38856c696e7578,9957353,0,1583022174,0
9581895,0x589483fa8c2b133fc65fe5f49f29f884dcd7e336a5f09b3d10c59225482c4b8f,0xb1a9f1d8b3d93849692490c0230635093a0d4919b245ebf4a444fedfaded28ec,0x8a8934df9dd413c3,0x1dcc4de8dec75d7aab85b567b6ccd41ad312451b948a7413f0a142fd40d49347,0x9002000000109000440801080000082000d0000210000098010000000010000a0000200000100c0000000200000000001000020002009010000800801840b0200080200208004c801000000800008c0000400110004000090000400090020006841000000204011082000000083088000c0902000004000008004012400000080800010400000000001020080014000080508002800000a00010000000200840000120000008140a0000401000400803001000002406000000082836000108000008001201400022400860010000440000000000000000000000000005002008400004000001100840104000010000c00000000000480000c000028008100808,0x36460d26e0f6f5ed61bf8b466d3fe0fea3434d308fb64a887a5a114c22220a2f,0x1ee2d821d9cbd50ff0d2c0046a2191ddb3251fa79f2200114d88e2ac076700c4,0x99dcb47a8dcbff61a2c483c14bb9187cad75cc5c2bae62a38bf53232ad87c736,0xea674fdde714fd979de3edf0f56aa9716b898ec8,2270976150979850,14340976817191104034432,17356,0x505059452d65746865726d696e652d6575312d34,9967075,9962024,1583022175,80
9581896,0x4981dbecb004f5c9fb25fa73d9b5d550b2821ef430de8199979706463c8a124c,0x589483fa8c2b133fc65fe5f49f29f884dcd7e336a5f09b3d10c59225482c4b8f,0x05fef8d0074720fc,0x1dcc4de8dec75d7aab85b567b6ccd41ad312451b948a7413f0a142fd40d49347,0x00000000000000000000000000000000000000000000000000000000000000000000000000000000000000000000000000000000000000000000000000000000000000000000000000000008000000000002000000000004000000000000000000000000000000000040000000000010000000000000000000000010000000000000000000000000000000000000000000000000000000000000000000000000000001000000000000000000000000000000000000000000000000400000000000000002000000000400000000000000000000000000000000000000000000000000000010000000000000000000000008000000000000000000000000000000,0x46f815fad0e119d3679baa55b6f476f115620e7e81c267f4b2c7bf3fd10eeeaa,0x16ae05a1b10f19bca8bd66608f7169fedcfbd56922660dea077d9ddd7d06eda5,0xa27b17e71158ab27d6696591640b73ea6de45906a6c5a750b7b54416f85c472e,0x829bd824b016326a401d083b33d092293333a830,2272085026053578,14340979089276130088010,823,0x7070796520e4b883e5bda9e7a59ee4bb99e9b1bc,9976807,42911,1583022178,2
9581897,0x1bfb5ba964d6ff9d19d34dc037e053b36aed911b4f794257e748a8037d768047,0x4981dbecb004f5c9fb25fa73d9b5d550b2821ef430de8199979706463c8a124c,0x415036600f1fde94,0x1dcc4de8dec75d7aab85b567b6ccd41ad312451b948a7413f0a142fd40d49347,0xab020404201200010041244020811090106441000450022c4000810200028a4a0043143540104c0000802d16180203021a44020a090124b030228084902cd104403060010b00e4055801000900006060400205140206b1c48063d2048b00201010404444033000101301c2000481490084001200104c00c218006113401000082a40101221000089a00000001004045940402b01d0803031c5094240c0100301060c00010c080140940002805102880a00000208a602808916101038221051408098a052a1f424209001d00000000445080046048001803c0532004834406002f0146c4091001418006240020000a800282860008040084180401808086060d8,0x8359833c9c78d3529f7065a58ea7ca96b54ed82da7c6ee9e4dbf0d1fba2dfa98,0x1cf5dd1867c1d2712615d1f9019803b70026ed4b06d074a917a85ceef8bbbac6,0x0da57a04550e25cd7713f878dada47b17e0f06149fecf52548537d0238b419c2,0x5a0b54d5dc17e0aadc383d2db43b0a0d3e029c4c,2273194442570213,14340981362470572658223,14577,0x737061726b706f6f6c2d6574682d7477,9967128,9958821,1583022183,68
9581898,0xbf22d035303e80f7a009da285ed47c6cac89ec50f7200c407d087038e6acbc19,0x1bfb5ba964d6ff9d19d34dc037e053b36aed911b4f794257e748a8037d768047,0x6a17ca000c84e5e9,0x1dcc4de8dec75d7aab85b567b6ccd41ad312451b948a7413f0a142fd40d49347,0x3508000104402000410008840001109470857004021190080002a00004004001440200c188106000c000060010000134200614080010a00100901004a02021104002002102118080e9100848801121402044000c8083008000801024c0080200100c02c00a0880200181000400080a062400104010a00000c0004114000040000008400240008000820022008005030310180320018000020408203208100000120460020a00340044000180007008102000420400010288040300a03280a320601c0042090100022c200080101420441c7012217008008400190008100cb00080104060012210400092c0008024600060846000808050030600080020910028,0x93798a0991d069ee8a3e7ebb5418cd0a2fcd06f6a5577a6815a6d3e40e946808,0x0d080c32e00fdafeffd03635c38b204aab42bee254b5e9586912d407d6d436af,0xec0b92fbb106e3e5dcd9b5429224dac522e9197731bb0a796740f3d236a031fa,0xaa5c4244f05c92781c4f259913319d8ba1acf05e,2273194442570221,14340983635665015228444,11146,0x472f424a342f4254504f4f4c2f00210278,9957396,3350098,1583022192,51
9581899,0xafafd4b775366734da6ca0d6b48d721870c81e9babb4005de3916bfd9356049e,0xbf22d035303e80f7a009da285ed47c6cac89ec50f7200c407d087038e6acbc19,0x4f0e76ec0a0d306b,0x1dcc4de8dec75d7aab85b567b6ccd41ad312451b948a7413f0a142fd40d49347,0x148a0002005050a98488144101031a1a200013809539f0480211a554846601480803408e40250c008010c3429800638c430006431b0b85010408d1803020d2c040ca500098c90401ca801a1807105a2002016a0e0241405b0844e1848604304a1424092c220086100200220004080800000071100001040018280137000042480d8118b24276a0118840000da101844a0402c1010948104f051020702c1841020e55241840e824842c1245d0004988813102050dac92c90e8e8e222211295160041aa24b8d404005881214f023012465888042068800820c53abd424120c323cc09070515da20040242400120420ca80040da0c2c0e200714009253080514548,0xbb1eceb7b17619ba95efc7b0927c3fe9c381c619172ee2e678f4ce364a380d7b,0xbe976966e1c7850c8f03400f23738511d18b05d2014fc5795516edb75dd32cb2,0x30ab617498e45ab69b64c8f39af75c612e81dc93f6eb815772ece3aa27c503af,0x5a0b54d5dc17e0aadc383d2db43b0a0d3e029c4c,2273194442570229,14340985908859457798673,24589,0x6574682d70726f2d687a672d74303031,9947709,7907088,1583022203,86
9581900,0xe9fd42bf4c20b110cc07c8e80d345a715efd052b3ae02928e4006254c50d1931,0xafafd4b775366734da6ca0d6b48d721870c81e9babb4005de3916bfd9356049e,0x4c8edc380b341a59,0x1dcc4de8dec75d7aab85b567b6ccd41ad312451b948a7413f0a142fd40d49347,0x3600008402000808040800000400009010084028001a910800028010000020050803800000304440e200040210040148000c88080101a00b0080100601201080041000810000010108000808000044200800000002141180000002000000001080000082020000800203a00201040820000814001404000010004090480200089004088400400003801000000005080800440800210200210c0020004054010002010020880c24013400088801019001400000002002800800001038380828000498844241400400a000008006000408004000000000000005000000c004200920104000003410093040008000009880400c6000004000001000000008204000,0xf83e485431a8df646a5f0c15b59537a0b12fde91c3aefe0f4054f83ec509c6fb,0x92f292195670eb46a3dc2a39d45173eb16b782e96f56c5a390cd192f23abb164,0xd98b61981a1a388f7f93350bc6051a44b58d2d9ffc7c96254ece6ba6d91e03da,0x5a0b54d5dc17e0aadc383d2db43b0a0d3e029c4c,2272084484346326,14340988180943942144999,12857,0x737061726b706f6f6c2d6574682d636e2d687a33,9949578,9937078,1583022222,50
